Time_Period,All_retailing_including_automotive_fuel,Month_as_a_%_of_Total,All_Retailing_excluding_automotive_fuel,Month_as_a_%_of_Total_excluding_automotive_fuel,Predominantly_food_stores,Total_non-food_stores,Non-specialised_stores,"Textile,_clothing_and_footwear_stores",Household_goods_stores,Other_stores,Non-store_retailing,Automotive_fuel,Total_Annual_Sales_for_All_Retailing_including_automotive_fuel,Total_Annual_Sales_for_All_Retailing_excluding_automotive_fuel
1986JAN,,,9415792.00,8.53,3737172.00,4873175.00,818539.00,1338872.00,1307268.00,1408496.00,805445.00,,,
1986FEB,,,7279178.00,6.59,3092640.00,3592464.00,610626.00,895347.00,986007.00,1100484.00,594074.00,,,
1986MAR,,,9562899.00,8.66,3985511.00,4814196.00,847197.00,1257190.00,1248070.00,1461739.00,763192.00,,,
1986APR,,,7897661.00,7.15,3237323.00,4023488.00,682160.00,1103899.00,1040344.00,1197085.00,636850.00,,,
1986MAY,,,7795672.00,7.06,3200778.00,3975932.00,680693.00,1099921.00,1004699.00,1190619.00,618962.00,,,
1986JUN,,,10095577.00,9.15,4108935.00,5183915.00,891829.00,1477315.00,1257536.00,1557235.00,802727.00,,,
1986JUL,,,8206161.00,7.43,3264134.00,4303019.00,739250.00,1191878.00,1079143.00,1292748.00,639008.00,,,
1986AUG,,,8046975.00,7.29,3217536.00,4206781.00,723643.00,1188550.00,1053708.00,1240880.00,622658.00,,,
1986SEP,,,10233376.00,9.27,3964706.00,5427058.00,905274.00,1526745.00,1403200.00,1591839.00,841612.00,,,
1986OCT,,,8442661.00,7.65,3240574.00,4483601.00,750911.00,1235674.00,1194547.00,1302469.00,718486.00,,,
1986NOV,,,9262840.00,8.39,3391175.00,5095059.00,926398.00,1408037.00,1328316.00,1432308.00,776606.00,,TOTAL SALES IN 1986 £000s,
1986DEC,,,14151040.00,12.82,4854941.00,8263419.00,1597851.00,2450004.00,1868570.00,2346994.00,1032680.00,,,"11,03,89,832"
1987JAN,,,8128095.00,6.96,3194261.00,4227339.00,688862.00,1152740.00,1154135.00,1231602.00,706495.00,,,
1987FEB,,,7922980.00,6.79,3222840.00,4037253.00,662726.00,988875.00,1131344.00,1254308.00,662887.00,,,
1987MAR,,,10048582.00,8.61,4080258.00,5132797.00,870172.00,1283783.00,1401035.00,1577807.00,835527.00,,,
1987APR,,,8627865.00,7.39,3450993.00,4477865.00,758916.00,1234167.00,1137762.00,1347020.00,699007.00,,,
1987MAY,,,8303226.00,7.11,3337500.00,4293900.00,701855.00,1150059.00,1121614.00,1320372.00,671826.00,,,
1987JUN,,,10685482.00,9.15,4220271.00,5596955.00,915070.00,1523530.00,1432610.00,1725745.00,868256.00,,,
1987JUL,,,8833514.00,7.57,3388399.00,4748902.00,795392.00,1323214.00,1206148.00,1424148.00,696213.00,,,
1987AUG,,,8774748.00,7.52,3418679.00,4658472.00,744639.00,1269498.00,1219371.00,1424964.00,697597.00,,,
1987SEP,,,10889620.00,9.33,4126968.00,5855560.00,941717.00,1585822.00,1573406.00,1754615.00,907092.00,,,
1987OCT,,,9126388.00,7.82,3400098.00,4931448.00,811449.00,1361854.00,1336448.00,1421697.00,794842.00,,,
1987NOV,,,10027371.00,8.59,3569167.00,5597067.00,993465.00,1524408.00,1487813.00,1591381.00,861137.00,,TOTAL SALES IN 1987 £000s,
1987DEC,,,15379130.00,13.17,5144819.00,9110964.00,1731888.00,2667216.00,2112621.00,2599239.00,1123347.00,,,"11,67,47,001"
1988JAN,,,9068669.00,7.06,3380282.00,4913908.00,774937.00,1264307.00,1417484.00,1457180.00,774479.00,,,
1988FEB,,,8656816.00,6.74,3457688.00,4487123.00,714508.00,1068015.00,1299296.00,1405304.00,712005.00,,,
1988MAR,,,11136459.00,8.67,4468741.00,5760109.00,964893.00,1416287.00,1596339.00,1782590.00,907609.00,,,
1988APR,,,9239800.00,7.20,3599313.00,4872294.00,781310.00,1251582.00,1322721.00,1516681.00,768193.00,,,
1988MAY,,,9287571.00,7.23,3618957.00,4909839.00,774680.00,1290311.00,1303472.00,1541376.00,758775.00,,,
1988JUN,,,11655445.00,9.08,4501567.00,6205092.00,996136.00,1654262.00,1616630.00,1938064.00,948786.00,,,
1988JUL,,,9774363.00,7.61,3631098.00,5359956.00,850777.00,1426006.00,1455521.00,1627652.00,783309.00,,,
1988AUG,,,9640467.00,7.51,3655175.00,5219303.00,817639.00,1357771.00,1423516.00,1620377.00,765989.00,,,
1988SEP,,,11808897.00,9.20,4407573.00,6441112.00,1024780.00,1712543.00,1773095.00,1930694.00,960212.00,,,
1988OCT,,,10046087.00,7.82,3654373.00,5532263.00,880890.00,1453687.00,1556592.00,1641094.00,859451.00,,,
1988NOV,,,10947036.00,8.53,3812440.00,6201256.00,1067917.00,1646583.00,1675420.00,1811336.00,933340.00,,TOTAL SALES IN 1988 £000s,
1988DEC,,,17132083.00,13.34,5611258.00,10270520.00,1908310.00,2908676.00,2425304.00,3028230.00,1250305.00,,,"12,83,93,693"
1989JAN,,,9610446.00,6.97,3432060.00,5374344.00,829204.00,1357475.00,1538960.00,1648705.00,804042.00,,,
1989FEB,,,9489358.00,6.88,3676840.00,5011912.00,771229.00,1172010.00,1435657.00,1633016.00,800606.00,,,
1989MAR,,,12210515.00,8.85,4708508.00,6498874.00,1045823.00,1598012.00,1774274.00,2080765.00,1003133.00,,,
1989APR,,,10002438.00,7.25,3885474.00,5307489.00,830100.00,1365463.00,1423535.00,1688391.00,809475.00,,,
1989MAY,,,10239528.00,7.42,3927848.00,5495213.00,844936.00,1479813.00,1399588.00,1770876.00,816467.00,,,
1989JUN,,,12521506.00,9.08,4869682.00,6656034.00,1042151.00,1751982.00,1686471.00,2175430.00,995790.00,,,
1989JUL,,,10320244.00,7.48,3955917.00,5558053.00,872608.00,1487114.00,1416939.00,1781392.00,806274.00,,,
1989AUG,,,10245630.00,7.43,3935853.00,5520952.00,868185.00,1429194.00,1450341.00,1773232.00,788825.00,,,
1989SEP,,,12723571.00,9.23,4779649.00,6908731.00,1080480.00,1833046.00,1824340.00,2170865.00,1035191.00,,,
1989OCT,,,10672222.00,7.74,3946767.00,5835004.00,908618.00,1508885.00,1589056.00,1828445.00,890451.00,,,
1989NOV,,,11546046.00,8.37,4105754.00,6480851.00,1098932.00,1685512.00,1719752.00,1976655.00,959441.00,,TOTAL SALES IN 1989 £000s,
1989DEC,,,18331432.00,13.29,6083942.00,10897563.00,2009075.00,3060752.00,2507636.00,3320100.00,1349927.00,,,"13,79,12,936"
1990JAN,,,10353526.00,7.00,3743169.00,5768568.00,866090.00,1453809.00,1625318.00,1823351.00,841789.00,,,
1990FEB,,,10348983.00,7.00,4013760.00,5482891.00,829009.00,1310560.00,1536305.00,1807017.00,852332.00,,,
1990MAR,,,13178900.00,8.91,5110890.00,6998246.00,1084373.00,1733307.00,1834182.00,2346384.00,1069764.00,,,
1990APR,,,10895797.00,7.37,4229255.00,5805776.00,915459.00,1520614.00,1479031.00,1890672.00,860766.00,,,
1990MAY,,,11120556.00,7.52,4338379.00,5920413.00,899832.00,1603028.00,1469713.00,1947840.00,861764.00,,,
1990JUN,,,13473117.00,9.11,5250688.00,7164353.00,1112817.00,1883257.00,1796179.00,2372100.00,1058076.00,,,
1990JUL,,,11301103.00,7.64,4340509.00,6094471.00,943847.00,1678508.00,1484847.00,1987269.00,866123.00,,,
1990AUG,,,10991239.00,7.43,4275516.00,5871089.00,921268.00,1538901.00,1484376.00,1926544.00,844634.00,,,
1990SEP,,,13613687.00,9.21,5240149.00,7289949.00,1151128.00,1967190.00,1849676.00,2321955.00,1083589.00,,,
1990OCT,,,11289276.00,7.64,4260805.00,6102158.00,947343.00,1574139.00,1598660.00,1982016.00,926313.00,,,
1990NOV,,,12058519.00,8.16,4401096.00,6652489.00,1119341.00,1710232.00,1717696.00,2105220.00,1004934.00,,TOTAL SALES IN 1990 £000s,
1990DEC,,,19213204.00,13.00,6451732.00,11326851.00,2123762.00,3193904.00,2524056.00,3485129.00,1434621.00,,,"14,78,37,907"
1991JAN,,,13377254.00,8.60,5177104.00,7111619.00,1156896.00,1766202.00,1949285.00,2239236.00,1088531.00,,,
1991FEB,,,10520308.00,6.76,4369925.00,5275886.00,826954.00,1237715.00,1443773.00,1767444.00,874497.00,,,
1991MAR,,,14052199.00,9.03,5624622.00,7373912.00,1162271.00,1774827.00,1963390.00,2473424.00,1053665.00,,,
1991APR,,,11280904.00,7.25,4594349.00,5850701.00,944083.00,1493780.00,1467994.00,1944844.00,835854.00,,,
1991MAY,,,11229194.00,7.22,4544005.00,5866533.00,931709.00,1526562.00,1437979.00,1970283.00,818656.00,,,
1991JUN,,,14191245.00,9.12,5799139.00,7343115.00,1190784.00,1922880.00,1784620.00,2444831.00,1048991.00,,,
1991JUL,,,11809528.00,7.59,4718319.00,6246633.00,1037212.00,1673153.00,1501852.00,2034416.00,844576.00,,,
1991AUG,,,11358798.00,7.30,4631291.00,5909042.00,959390.00,1559345.00,1464039.00,1926268.00,818465.00,,,
1991SEP,,,14150948.00,9.09,5688869.00,7360152.00,1201683.00,1939734.00,1854180.00,2364555.00,1101927.00,,,
1991OCT,,,11711833.00,7.53,4560027.00,6208850.00,1018646.00,1631076.00,1561539.00,1997589.00,942956.00,,,
1991NOV,,,12717082.00,8.17,4711842.00,6978769.00,1255458.00,1835266.00,1713813.00,2174232.00,1026471.00,,TOTAL SALES IN 1991 £000s,
1991DEC,,,19196862.00,12.34,6639141.00,11305300.00,2139203.00,3171969.00,2550859.00,3443269.00,1252421.00,,,"15,55,96,155"
1992JAN,,,11240859.00,7.14,4542456.00,5814573.00,978652.00,1355617.00,1588260.00,1892044.00,883830.00,,,
1992FEB,,,11137865.00,7.08,4673698.00,5545608.00,882212.00,1262639.00,1502165.00,1898592.00,918559.00,,,
1992MAR,,,14023792.00,8.91,5926689.00,7077181.00,1141990.00,1674045.00,1815460.00,2445686.00,1019922.00,,,
1992APR,,,11783725.00,7.49,4936736.00,6039064.00,1006511.00,1478963.00,1510713.00,2042877.00,807925.00,,,
1992MAY,,,11683859.00,7.43,4862492.00,6023231.00,939022.00,1561382.00,1419428.00,2103399.00,798136.00,,,
1992JUN,,,14636809.00,9.30,6112627.00,7510668.00,1229803.00,1867881.00,1763764.00,2649220.00,1013514.00,,,
1992JUL,,,11760353.00,7.47,4828744.00,6136272.00,1049548.00,1571837.00,1473768.00,2041119.00,795337.00,,,
1992AUG,,,11711597.00,7.44,4786406.00,6123661.00,998109.00,1584689.00,1503207.00,2037656.00,801530.00,,,
1992SEP,,,14537532.00,9.24,5892252.00,7521646.00,1249792.00,2002159.00,1866679.00,2403016.00,1123634.00,,,
1992OCT,,,12151288.00,7.72,4850780.00,6338642.00,1063223.00,1696164.00,1568556.00,2010699.00,961866.00,,,
1992NOV,,,13101194.00,8.33,4999222.00,7047676.00,1279443.00,1847944.00,1698736.00,2221553.00,1054296.00,,TOTAL SALES IN 1992 £000s,
1992DEC,,,19579217.00,12.44,6986831.00,11485101.00,2331415.00,3259322.00,2468585.00,3425779.00,1107285.00,,,"15,73,48,090"
1993JAN,,,11573305.00,7.03,4761009.00,5953031.00,1040297.00,1422403.00,1657047.00,1833284.00,859265.00,,,
1993FEB,,,11586856.00,7.04,4873116.00,5755677.00,940699.00,1318447.00,1569333.00,1927198.00,958063.00,,,
1993MAR,,,14827218.00,9.01,6228297.00,7447931.00,1231324.00,1731213.00,1940171.00,2545223.00,1150990.00,,,
1993APR,,,12219456.00,7.42,5121446.00,6240618.00,1038522.00,1554941.00,1604795.00,2042360.00,857392.00,,,
1993MAY,,,12099943.00,7.35,5104813.00,6147130.00,993045.00,1540377.00,1521000.00,2092708.00,848000.00,,,
1993JUN,,,15253843.00,9.27,6364726.00,7841334.00,1315237.00,1988232.00,1897795.00,2640070.00,1047783.00,,,
1993JUL,,,12363043.00,7.51,5091332.00,6431369.00,1109444.00,1638976.00,1578888.00,2104061.00,840342.00,,,
1993AUG,,,12250653.00,7.44,5071062.00,6331466.00,1051050.00,1611553.00,1603492.00,2065371.00,848125.00,,,
1993SEP,,,15344440.00,9.32,6205933.00,7996584.00,1322649.00,2089520.00,2020230.00,2564185.00,1141923.00,,,
1993OCT,,,12739611.00,7.74,5053340.00,6695034.00,1122900.00,1772581.00,1720645.00,2078908.00,991237.00,,,
1993NOV,,,13751453.00,8.35,5209743.00,7471472.00,1345272.00,1936236.00,1848148.00,2341816.00,1070238.00,,TOTAL SALES IN 1993 £000s,
1993DEC,,,20626587.00,12.53,7297544.00,12139723.00,2496270.00,3488415.00,2569864.00,3585174.00,1189320.00,,,"16,46,36,408"
1994JAN,,,12091662.00,7.05,4905426.00,6334376.00,1076589.00,1508942.00,1803188.00,1945657.00,851860.00,,,
1994FEB,,,11972706.00,6.98,5057645.00,5904470.00,956253.00,1347526.00,1624032.00,1976659.00,1010591.00,,,
1994MAR,,,15537219.00,9.06,6558317.00,7837489.00,1308264.00,1877005.00,2019080.00,2633140.00,1141413.00,,,
1994APR,,,12500998.00,7.29,5184966.00,6401420.00,1044936.00,1621808.00,1650224.00,2084452.00,914612.00,,,
1994MAY,,,12641794.00,7.37,5293924.00,6439496.00,1009921.00,1638428.00,1587584.00,2203563.00,908374.00,,,
1994JUN,,,15841347.00,9.24,6645850.00,8131670.00,1327896.00,2080159.00,1908890.00,2814725.00,1063827.00,,,
1994JUL,,,12856387.00,7.50,5401066.00,6616839.00,1118064.00,1743275.00,1580284.00,2175216.00,838482.00,,,
1994AUG,,,12715306.00,7.41,5309330.00,6521546.00,1061418.00,1668325.00,1617751.00,2174052.00,884430.00,,,
1994SEP,,,15958371.00,9.30,6460719.00,8353100.00,1358420.00,2225775.00,2058566.00,2710339.00,1144552.00,,,
1994OCT,,,13214143.00,7.70,5283932.00,6950458.00,1149152.00,1823398.00,1760612.00,2217296.00,979753.00,,,
1994NOV,,,14245569.00,8.31,5462897.00,7714814.00,1387972.00,1979665.00,1897116.00,2450061.00,1067858.00,,TOTAL SALES IN 1994 £000s,
1994DEC,,,21951539.00,12.80,7770232.00,12931232.00,2652173.00,3747633.00,2710620.00,3820806.00,1250075.00,,,"17,15,27,041"
1995JAN,,,12119448.00,6.85,5052688.00,6266418.00,1034835.00,1509083.00,1752868.00,1969632.00,800342.00,,,
1995FEB,,,12460358.00,7.04,5363971.00,6128325.00,990717.00,1405524.00,1657245.00,2074839.00,968062.00,,,
1995MAR,,,15828735.00,8.95,6810191.00,7896093.00,1276795.00,1871903.00,2036374.00,2711021.00,1122451.00,,,
1995APR,,,13074493.00,7.39,5640829.00,6629414.00,1080154.00,1723537.00,1646730.00,2178993.00,804250.00,,,
1995MAY,,,12975350.00,7.34,5650328.00,6496666.00,1027681.00,1703583.00,1578471.00,2186931.00,828356.00,,,
1995JUN,,,16268369.00,9.20,7005265.00,8208020.00,1372651.00,2125115.00,1947454.00,2762800.00,1055084.00,,,
1995JUL,,,13355180.00,7.55,5685951.00,6819736.00,1137352.00,1804224.00,1626015.00,2252145.00,849493.00,,,
1995AUG,,,13003201.00,7.35,5691336.00,6497516.00,1068629.00,1641744.00,1589256.00,2197887.00,814349.00,,,
1995SEP,,,16364479.00,9.25,6856387.00,8453354.00,1403748.00,2233789.00,2098816.00,2717001.00,1054738.00,,,
1995OCT,,,13647029.00,7.72,5579199.00,7131788.00,1195234.00,1802465.00,1824252.00,2309837.00,936042.00,,,
1995NOV,,,14822041.00,8.38,5764851.00,8043650.00,1517431.00,2067220.00,1963308.00,2495691.00,1013540.00,,TOTAL SALES IN 1995 £000s,
1995DEC,,,22952706.00,12.98,8342293.00,13486043.00,2881459.00,3886350.00,2835530.00,3882704.00,1124370.00,,,"17,68,71,389"
1996JAN,17216871.00,8.36,15766943.00,8.31,6761551.00,8020500.00,1372313.00,1877531.00,2211816.00,2558840.00,984892.00,1449928.00,,
1996FEB,14369116.00,6.98,13050509.00,6.88,5743640.00,6344859.00,1059242.00,1436754.00,1730323.00,2118540.00,962010.00,1318607.00,,
1996MAR,18342578.00,8.91,16764685.00,8.84,7419730.00,8267545.00,1374923.00,1957676.00,2150395.00,2784551.00,1077410.00,1577893.00,,
1996APR,15072263.00,7.32,13800351.00,7.28,5872909.00,7079523.00,1188025.00,1755346.00,1772288.00,2363864.00,847919.00,1271912.00,,
1996MAY,14821129.00,7.20,13625221.00,7.18,5896876.00,6922823.00,1104337.00,1713773.00,1753709.00,2351004.00,805522.00,1195908.00,,
1996JUN,19031846.00,9.24,17491968.00,9.22,7510537.00,8935494.00,1476777.00,2307583.00,2106219.00,3044915.00,1045937.00,1539878.00,,
1996JUL,15298436.00,7.43,14103006.00,7.44,6016528.00,7242756.00,1267116.00,1849880.00,1763328.00,2362432.00,843722.00,1195430.00,,
1996AUG,14925340.00,7.25,13715475.00,7.23,5882064.00,7015334.00,1176294.00,1784276.00,1763604.00,2291160.00,818077.00,1209865.00,,
1996SEP,19052863.00,9.25,17468090.00,9.21,7264348.00,9078971.00,1534106.00,2317774.00,2287961.00,2939130.00,1124771.00,1584773.00,,
1996OCT,15758605.00,7.65,14540550.00,7.67,5906733.00,7652495.00,1318051.00,1950709.00,1991174.00,2392561.00,981322.00,1218055.00,,
1996NOV,17186579.00,8.34,15951142.00,8.41,6133161.00,8803943.00,1749250.00,2338684.00,2147257.00,2568752.00,1014038.00,1235437.00,TOTAL SALES IN 1996 £000s,
1996DEC,24887605.00,12.08,23387466.00,12.33,8401085.00,13842549.00,2997831.00,3861864.00,3086491.00,3896363.00,1143832.00,1500139.00,"20,59,63,231","18,96,65,406"
1997JAN,14692584.00,6.89,13500204.00,6.89,5804258.00,6869192.00,1214425.00,1587796.00,1931327.00,2135644.00,826754.00,1192380.00,,
1997FEB,14978129.00,7.03,13633912.00,6.96,5942491.00,6788553.00,1137864.00,1522745.00,1883980.00,2243964.00,902868.00,1344217.00,,
1997MAR,19221794.00,9.02,17666782.00,9.02,7608581.00,8961982.00,1517024.00,2137922.00,2350961.00,2956075.00,1096219.00,1555012.00,,
1997APR,15761618.00,7.39,14437963.00,7.37,6195897.00,7369429.00,1229474.00,1869612.00,1881567.00,2388776.00,872637.00,1323655.00,,
1997MAY,15515903.00,7.28,14215591.00,7.26,6147783.00,7245287.00,1182577.00,1866006.00,1862032.00,2334672.00,822521.00,1300312.00,,
1997JUN,20035165.00,9.40,18332814.00,9.36,7717624.00,9551951.00,1585222.00,2431408.00,2466056.00,3069265.00,1063239.00,1702351.00,,
1997JUL,16305345.00,7.65,15004009.00,7.66,6304744.00,7825945.00,1358618.00,2045767.00,1972152.00,2449408.00,873320.00,1301336.00,,
1997AUG,15753495.00,7.39,14445581.00,7.38,6244634.00,7379475.00,1253855.00,1871420.00,1934256.00,2319944.00,821472.00,1307914.00,,
1997SEP,19750968.00,9.27,18037500.00,9.21,7641306.00,9306155.00,1602874.00,2380907.00,2408184.00,2914190.00,1090039.00,1713468.00,,
1997OCT,16680320.00,7.83,15309813.00,7.82,6231676.00,8101769.00,1408675.00,2128790.00,2117928.00,2446376.00,976368.00,1370507.00,,
1997NOV,18062836.00,8.47,16613947.00,8.48,6451350.00,9144802.00,1816741.00,2400081.00,2281173.00,2646807.00,1017795.00,1448889.00,TOTAL SALES IN 1997 £000s,
1997DEC,26385840.00,12.38,24653603.00,12.59,8957083.00,14529879.00,3153434.00,4123489.00,3360880.00,3892076.00,1166641.00,1732237.00,"21,31,43,997","19,58,51,719"
1998JAN,15616062.00,7.09,14260728.00,7.04,6100716.00,7351225.00,1292600.00,1697055.00,2141080.00,2220490.00,808787.00,1355334.00,,
1998FEB,15793049.00,7.17,14331277.00,7.08,6271240.00,7138678.00,1189099.00,1593696.00,2013024.00,2342859.00,921359.00,1461772.00,,
1998MAR,19919794.00,9.04,18302761.00,9.04,7997026.00,9184900.00,1547536.00,2121814.00,2509540.00,3006010.00,1120835.00,1617033.00,,
1998APR,16442295.00,7.46,15123012.00,7.47,6568368.00,7695967.00,1262946.00,1864953.00,2089144.00,2478924.00,858677.00,1319283.00,,
1998MAY,16389873.00,7.44,15088770.00,7.45,6543108.00,7732462.00,1248189.00,1982741.00,1964128.00,2537404.00,813200.00,1301103.00,,
1998JUN,20533035.00,9.32,18803167.00,9.28,8229661.00,9497243.00,1567784.00,2346107.00,2453916.00,3129436.00,1076263.00,1729868.00,,
1998JUL,16787606.00,7.62,15401800.00,7.60,6533636.00,8017897.00,1378736.00,2069949.00,2055848.00,2513364.00,850267.00,1385806.00,,
1998AUG,16517093.00,7.49,15088410.00,7.45,6542636.00,7703091.00,1293205.00,1948097.00,1987080.00,2474709.00,842683.00,1428683.00,,
1998SEP,20457968.00,9.28,18614108.00,9.19,7951940.00,9546050.00,1598704.00,2391468.00,2569368.00,2986510.00,1116118.00,1843860.00,,
1998OCT,16907655.00,7.67,15513445.00,7.66,6485856.00,8050229.00,1380261.00,2076712.00,2144637.00,2448619.00,977360.00,1394210.00,,
1998NOV,18427974.00,8.36,17031364.00,8.41,6755234.00,9226726.00,1828075.00,2404452.00,2302124.00,2692075.00,1049404.00,1396610.00,TOTAL SALES IN 1998 £000s,
1998DEC,26612204.00,12.07,24996032.00,12.34,9311302.00,14512137.00,3120611.00,3984026.00,3448350.00,3959150.00,1172593.00,1616172.00,"22,04,04,608","20,25,54,874"
1999JAN,15927897.00,7.02,14658358.00,7.05,6335813.00,7498928.00,1276149.00,1727314.00,2230269.00,2265196.00,823617.00,1269539.00,,
1999FEB,16045793.00,7.07,14645831.00,7.04,6515512.00,7210054.00,1184804.00,1597817.00,2104304.00,2323129.00,920265.00,1399962.00,,
1999MAR,20577246.00,9.06,18957294.00,9.11,8447009.00,9362159.00,1580248.00,2196497.00,2586744.00,2998670.00,1148126.00,1619952.00,,
1999APR,16615430.00,7.32,15186254.00,7.30,6561215.00,7770414.00,1260376.00,1874816.00,2098595.00,2536627.00,854625.00,1429176.00,,
1999MAY,16932808.00,7.46,15490417.00,7.45,6760226.00,7899222.00,1257370.00,1984312.00,2064160.00,2593380.00,830969.00,1442391.00,,
1999JUN,21230836.00,9.35,19339566.00,9.30,8448956.00,9851279.00,1629429.00,2469968.00,2560872.00,3191010.00,1039331.00,1891270.00,,
1999JUL,17252002.00,7.60,15805361.00,7.60,6787271.00,8197949.00,1421980.00,2127562.00,2111044.00,2537363.00,820141.00,1446641.00,,
1999AUG,16920170.00,7.45,15457393.00,7.43,6650195.00,7970781.00,1336760.00,1972541.00,2147512.00,2513968.00,836417.00,1462777.00,,
1999SEP,20944093.00,9.23,19046628.00,9.16,8220532.00,9748082.00,1649480.00,2402993.00,2647035.00,3048574.00,1078014.00,1897465.00,,
1999OCT,17519316.00,7.72,15989432.00,7.69,6624892.00,8410004.00,1460990.00,2146115.00,2286172.00,2516727.00,954536.00,1529884.00,,
1999NOV,19188036.00,8.45,17572471.00,8.45,6935518.00,9581954.00,1897065.00,2426856.00,2470527.00,2787506.00,1054999.00,1615565.00,TOTAL SALES IN 1999 £000s,
1999DEC,27871015.00,12.28,25884731.00,12.44,9877340.00,14878962.00,3302688.00,4114054.00,3490219.00,3972001.00,1128429.00,1986284.00,"22,70,24,642","20,80,33,736"
2000JAN,16914150.00,7.11,15283753.00,7.11,6494869.00,7988476.00,1404784.00,1822622.00,2426617.00,2334453.00,800408.00,1630397.00,,
2000FEB,16785524.00,7.06,15043916.00,7.00,6657266.00,7459579.00,1302811.00,1640362.00,2153515.00,2362891.00,927071.00,1741608.00,,
2000MAR,21206203.00,8.92,19196858.00,8.93,8422885.00,9618107.00,1630695.00,2234507.00,2727050.00,3025855.00,1155866.00,2009345.00,,
2000APR,18036985.00,7.58,15900145.00,7.40,7028472.00,8048193.00,1371388.00,1957758.00,2212247.00,2506800.00,823480.00,2136840.00,,
2000MAY,17627870.00,7.41,15794076.00,7.35,6848852.00,8069457.00,1318636.00,2095520.00,2124468.00,2530833.00,875767.00,1833794.00,,
2000JUN,22022502.00,9.26,19698577.00,9.17,8602605.00,10064612.00,1689622.00,2550258.00,2622511.00,3202221.00,1031360.00,2323925.00,,
2000JUL,17845299.00,7.50,16133791.00,7.51,6904066.00,8395850.00,1451084.00,2191106.00,2167465.00,2586195.00,833875.00,1711508.00,,
2000AUG,17607440.00,7.40,15889481.00,7.39,6888784.00,8143248.00,1370718.00,2048633.00,2169528.00,2554369.00,857449.00,1717959.00,,
2000SEP,21924239.00,9.22,19668029.00,9.15,8452161.00,10054786.00,1709809.00,2586766.00,2690831.00,3067380.00,1161082.00,2256210.00,,
2000OCT,18281228.00,7.69,16580039.00,7.72,6831752.00,8705425.00,1508931.00,2348043.00,2306243.00,2542208.00,1042862.00,1701189.00,,
2000NOV,19982687.00,8.40,18154060.00,8.45,7209021.00,9787795.00,1932816.00,2508472.00,2542415.00,2804092.00,1157244.00,1828627.00,TOTAL SALES IN 2000 £000s,
2000DEC,29630772.00,12.46,27546157.00,12.82,10322477.00,15845308.00,3460231.00,4323842.00,3651911.00,4409324.00,1378372.00,2084615.00,"23,78,64,899","21,48,88,882"
2001JAN,17185514.00,6.92,15530550.00,6.86,6550378.00,8221627.00,1397352.00,2036360.00,2421812.00,2366103.00,758545.00,1654964.00,,
2001FEB,17316622.00,6.97,15592693.00,6.89,6926231.00,7870110.00,1351049.00,1814178.00,2319663.00,2385220.00,796352.00,1723929.00,,
2001MAR,21988712.00,8.86,19967692.00,8.82,8881608.00,10017674.00,1721275.00,2393303.00,2872461.00,3030635.00,1068410.00,2021020.00,,
2001APR,18287381.00,7.36,16622427.00,7.34,7244164.00,8561127.00,1456240.00,2074353.00,2426639.00,2603895.00,817136.00,1664954.00,,
2001MAY,18670007.00,7.52,16969881.00,7.49,7426524.00,8687166.00,1440215.00,2246096.00,2328889.00,2671966.00,856191.00,1700126.00,,
2001JUN,23181323.00,9.34,20965379.00,9.26,9223154.00,10701880.00,1814381.00,2748969.00,2822800.00,3315730.00,1040345.00,2215944.00,,
2001JUL,18835301.00,7.59,17114988.00,7.56,7354441.00,8876431.00,1543343.00,2330853.00,2320963.00,2681272.00,884116.00,1720313.00,,
2001AUG,18363262.00,7.40,16670944.00,7.36,7268777.00,8588191.00,1468454.00,2167341.00,2333350.00,2619046.00,813976.00,1692318.00,,
2001SEP,23098388.00,9.30,20970517.00,9.26,8947891.00,10838089.00,1826163.00,2856426.00,2949644.00,3205856.00,1184537.00,2127871.00,,
2001OCT,19161084.00,7.72,17506456.00,7.73,7285060.00,9204171.00,1576599.00,2375595.00,2600533.00,2651444.00,1017225.00,1654628.00,,
2001NOV,20911821.00,8.42,19264570.00,8.51,7682107.00,10493918.00,2045233.00,2761687.00,2693723.00,2993275.00,1088545.00,1647251.00,TOTAL SALES IN 2001 £000s,
2001DEC,31312559.00,12.61,29284128.00,12.93,10909337.00,17126995.00,3602195.00,4762383.00,4006231.00,4756186.00,1247796.00,2028431.00,"24,83,11,974","22,64,60,225"
2002JAN,22517156.00,8.55,20564125.00,8.52,8816842.00,10769833.00,1832999.00,2599130.00,3144599.00,3193105.00,977450.00,1953031.00,,
2002FEB,18418939.00,7.00,16732109.00,6.93,7375280.00,8483481.00,1398487.00,1972760.00,2445617.00,2666617.00,873348.00,1686830.00,,
2002MAR,23700832.00,9.00,21628053.00,8.96,9401066.00,11184753.00,1814901.00,2679847.00,3192246.00,3497759.00,1042234.00,2072779.00,,
2002APR,19572656.00,7.43,17761827.00,7.36,7593865.00,9303139.00,1460687.00,2325811.00,2506357.00,3010284.00,864823.00,1810829.00,,
2002MAY,19433791.00,7.38,17717464.00,7.34,7660266.00,9206280.00,1466234.00,2296096.00,2484147.00,2959803.00,850918.00,1716327.00,,
2002JUN,23691576.00,9.00,21674542.00,8.98,9498373.00,11088350.00,1786729.00,2892156.00,2888285.00,3521180.00,1087819.00,2017034.00,,
2002JUL,19580739.00,7.44,18009350.00,7.46,7686873.00,9419275.00,1625559.00,2519880.00,2412452.00,2861384.00,903202.00,1571389.00,,
2002AUG,18939219.00,7.19,17379265.00,7.20,7529542.00,8951327.00,1486220.00,2367260.00,2397019.00,2700828.00,898396.00,1559954.00,,
2002SEP,23900813.00,9.08,21770692.00,9.02,9302577.00,11285492.00,1874768.00,2882112.00,3088226.00,3440386.00,1182623.00,2130121.00,,
2002OCT,20055959.00,7.62,18396348.00,7.62,7602231.00,9752094.00,1681965.00,2603654.00,2642084.00,2824391.00,1042023.00,1659611.00,,
2002NOV,21947770.00,8.34,20316348.00,8.41,7999872.00,11175088.00,2230316.00,2878800.00,2856144.00,3209828.00,1141388.00,1631422.00,TOTAL SALES IN 2002 £000s,
2002DEC,31543126.00,11.98,29524724.00,12.23,11092500.00,17242543.00,3584999.00,4888253.00,4013835.00,4755456.00,1189681.00,2018402.00,"26,33,02,576","24,14,74,847"
2003JAN,18461975.00,6.96,16767509.00,6.94,7328547.00,8688288.00,1488819.00,2150865.00,2476201.00,2572403.00,750674.00,1694466.00,,
2003FEB,18751591.00,7.07,16905644.00,6.99,7549284.00,8579636.00,1405372.00,2052008.00,2429796.00,2692460.00,776724.00,1845947.00,,
2003MAR,24031335.00,9.06,21681161.00,8.97,9621550.00,11086475.00,1809349.00,2768411.00,3018409.00,3490306.00,973136.00,2350174.00,,
2003APR,19907573.00,7.50,18106540.00,7.49,7988232.00,9354883.00,1512414.00,2394746.00,2571451.00,2876272.00,763425.00,1801033.00,,
2003MAY,19466961.00,7.34,17747642.00,7.34,7815315.00,9186577.00,1477505.00,2371784.00,2491344.00,2845944.00,745750.00,1719319.00,,
2003JUN,24691821.00,9.31,22398749.00,9.26,9942589.00,11489091.00,1880239.00,3076271.00,2911055.00,3621526.00,967069.00,2293072.00,,
2003JUL,20084358.00,7.57,18248072.00,7.55,7929683.00,9536123.00,1618633.00,2628976.00,2427014.00,2861500.00,782266.00,1836286.00,,
2003AUG,19563965.00,7.37,17719119.00,7.33,7895134.00,9072853.00,1528935.00,2380750.00,2402520.00,2760648.00,751132.00,1844846.00,,
2003SEP,24761449.00,9.33,22361225.00,9.25,9701708.00,11608122.00,1908711.00,3114952.00,3065474.00,3518985.00,1051395.00,2400224.00,,
2003OCT,20695683.00,7.80,18837552.00,7.79,7906490.00,9986980.00,1738718.00,2707335.00,2640145.00,2900782.00,944082.00,1858131.00,,
2003NOV,22507252.00,8.48,20695697.00,8.56,8264281.00,11332509.00,2236898.00,2945679.00,2806983.00,3342949.00,1098907.00,1811555.00,TOTAL SALES IN 2003 £000s,
2003DEC,32410877.00,12.22,30290421.00,12.53,11446811.00,17657081.00,3702474.00,4881143.00,4046844.00,5026620.00,1186529.00,2120456.00,"26,53,34,840","24,17,59,331"
2004JAN,19399409.00,6.98,17750411.00,7.02,7673890.00,9271427.00,1523609.00,2310487.00,2630455.00,2806876.00,805094.00,1648998.00,,
2004FEB,19448556.00,7.00,17671676.00,6.99,7863644.00,8966940.00,1455929.00,2133901.00,2524761.00,2852349.00,841092.00,1776880.00,,
2004MAR,25015657.00,9.00,22717032.00,8.98,10007236.00,11620549.00,1868040.00,2915201.00,3111019.00,3726289.00,1089247.00,2298625.00,,
2004APR,20745770.00,7.47,18890581.00,7.47,8204295.00,9830020.00,1545973.00,2529171.00,2664468.00,3090408.00,856266.00,1855189.00,,
2004MAY,20823070.00,7.49,18966051.00,7.50,8257080.00,9833586.00,1554858.00,2614004.00,2543496.00,3121228.00,875385.00,1857019.00,,
2004JUN,26172823.00,9.42,23711057.00,9.37,10335921.00,12257780.00,1952110.00,3242740.00,3065096.00,3997834.00,1117356.00,2461766.00,,
2004JUL,21087858.00,7.59,19119391.00,7.56,8206143.00,10033125.00,1633655.00,2676910.00,2568636.00,3153924.00,880123.00,1968467.00,,
2004AUG,20615574.00,7.42,18615711.00,7.36,8196628.00,9617638.00,1609515.00,2542355.00,2510540.00,2955228.00,801445.00,1999863.00,,
2004SEP,25948115.00,9.34,23435397.00,9.26,10055796.00,12202083.00,1969704.00,3250840.00,3236469.00,3745070.00,1177518.00,2512718.00,,
2004OCT,21705159.00,7.81,19547765.00,7.73,8197166.00,10334875.00,1726854.00,2845602.00,2702518.00,3059901.00,1015724.00,2157394.00,,
2004NOV,23532092.00,8.47,21528014.00,8.51,8614695.00,11749186.00,2273900.00,3098727.00,2944748.00,3431811.00,1164133.00,2004078.00,TOTAL SALES IN 2004 £000s,
2004DEC,33355258.00,12.00,30999081.00,12.25,11904805.00,17806895.00,3659914.00,5024801.00,3977909.00,5144271.00,1287381.00,2356177.00,"27,78,49,341","25,29,52,167"
2005JAN,19643632.00,6.98,17949980.00,7.02,7905252.00,9203698.00,1544594.00,2300703.00,2671901.00,2686500.00,841030.00,1693652.00,,
2005FEB,19833146.00,7.05,17943886.00,7.02,8121182.00,8911866.00,1467645.00,2208336.00,2469624.00,2766261.00,910838.00,1889260.00,,
2005MAR,25629739.00,9.11,23270130.00,9.10,10413894.00,11769131.00,1967073.00,2978150.00,3126413.00,3697495.00,1087105.00,2359609.00,,
2005APR,20878021.00,7.42,18813871.00,7.36,8391849.00,9500408.00,1490434.00,2491037.00,2503236.00,3015701.00,921614.00,2064150.00,,
2005MAY,20930968.00,7.44,18889100.00,7.39,8463187.00,9571127.00,1485321.00,2587455.00,2445808.00,3052543.00,854786.00,2041868.00,,
2005JUN,26525512.00,9.42,23893989.00,9.35,10701921.00,12120002.00,1924930.00,3324243.00,2949720.00,3921109.00,1072066.00,2631523.00,,
2005JUL,21379068.00,7.60,19231168.00,7.52,8522523.00,9855463.00,1580158.00,2717622.00,2423135.00,3134548.00,853182.00,2147900.00,,
2005AUG,20705079.00,7.36,18698322.00,7.31,8334233.00,9543808.00,1551625.00,2518697.00,2373855.00,3099631.00,820281.00,2006757.00,,
2005SEP,26029479.00,9.25,23382649.00,9.15,10335386.00,11969595.00,1915946.00,3235931.00,3025732.00,3791986.00,1077668.00,2646830.00,,
2005OCT,21652159.00,7.69,19656630.00,7.69,8418514.00,10244256.00,1702252.00,2765864.00,2586164.00,3189976.00,993860.00,1995529.00,,
2005NOV,23698210.00,8.42,21707542.00,8.49,8905251.00,11672131.00,2250197.00,3172358.00,2734704.00,3514872.00,1130160.00,1990668.00,TOTAL SALES IN 2005 £000s,
2005DEC,34545374.00,12.27,32248538.00,12.61,12479849.00,18445226.00,3817222.00,5186241.00,4040817.00,5400946.00,1323463.00,2296836.00,"28,14,50,387","25,56,85,805"
2006JAN,20027301.00,6.86,17881292.00,6.83,7906267.00,9167564.00,1518907.00,2323027.00,2600677.00,2724953.00,807461.00,2146009.00,,
2006FEB,20275701.00,6.94,18067817.00,6.90,8347940.00,8859702.00,1445898.00,2219861.00,2374116.00,2819827.00,860175.00,2207884.00,,
2006MAR,26123705.00,8.94,23195423.00,8.85,10535302.00,11498512.00,1931858.00,3013490.00,2969869.00,3583295.00,1161609.00,2928282.00,,
2006APR,21730478.00,7.44,19391862.00,7.40,8684617.00,9841506.00,1600360.00,2613451.00,2601223.00,3026472.00,865739.00,2338616.00,,
2006MAY,21873904.00,7.49,19430009.00,7.42,8671020.00,9870331.00,1591770.00,2741665.00,2462745.00,3074151.00,888658.00,2443895.00,,
2006JUN,27664408.00,9.47,24628331.00,9.40,11167348.00,12344606.00,1977788.00,3419048.00,3032970.00,3914800.00,1116377.00,3036077.00,,
2006JUL,22284388.00,7.63,19782424.00,7.55,8974858.00,9974458.00,1665276.00,2877647.00,2399727.00,3031808.00,833108.00,2501964.00,,
2006AUG,21770101.00,7.45,19360147.00,7.39,8687391.00,9791245.00,1638107.00,2667985.00,2484433.00,3000720.00,881511.00,2409954.00,,
2006SEP,27031162.00,9.25,24047456.00,9.18,10833057.00,12092197.00,1977777.00,3355865.00,3087739.00,3670816.00,1122202.00,2983706.00,,
2006OCT,22492840.00,7.70,20260435.00,7.73,8789531.00,10461013.00,1784177.00,2998876.00,2598548.00,3079412.00,1009891.00,2232405.00,,
2006NOV,24534351.00,8.40,22293340.00,8.51,9231950.00,11868446.00,2275611.00,3321567.00,2819083.00,3452185.00,1192944.00,2241011.00,TOTAL SALES IN 2006 £000s,
2006DEC,36301322.00,12.43,33644919.00,12.84,13168480.00,19074527.00,3944222.00,5560365.00,4142576.00,5427364.00,1401912.00,2656403.00,"29,21,09,661","26,19,83,455"
2007JAN,20467702.00,6.74,18334244.00,6.76,8266740.00,9233058.00,1560201.00,2345635.00,2704260.00,2622962.00,834446.00,2133458.00,,
2007FEB,21034362.00,6.93,18826394.00,6.94,8754099.00,9164292.00,1497183.00,2362204.00,2508000.00,2796905.00,908003.00,2207968.00,,
2007MAR,27537692.00,9.07,24525697.00,9.04,11203796.00,12176698.00,1991693.00,3226184.00,3205570.00,3753251.00,1145203.00,3011995.00,,
2007APR,22821385.00,7.52,20313964.00,7.49,9176929.00,10224357.00,1610717.00,2872177.00,2645416.00,3096047.00,912678.00,2507421.00,,
2007MAY,22758687.00,7.50,20249786.00,7.46,9149547.00,10184104.00,1626816.00,2787300.00,2582624.00,3187364.00,916135.00,2508901.00,,
2007JUN,28708910.00,9.46,25519113.00,9.40,11467676.00,12911230.00,2153867.00,3517863.00,3172179.00,4067321.00,1140207.00,3189797.00,,
2007JUL,22968978.00,7.57,20411556.00,7.52,9085622.00,10411708.00,1769731.00,2904456.00,2613745.00,3123776.00,914226.00,2557422.00,,
2007AUG,22526326.00,7.42,20044422.00,7.39,9078779.00,10094146.00,1711529.00,2754126.00,2538944.00,3089547.00,871497.00,2481904.00,,
2007SEP,28264333.00,9.31,25086131.00,9.24,11290430.00,12656579.00,2115398.00,3598230.00,3153275.00,3789676.00,1139122.00,3178202.00,,
2007OCT,23420445.00,7.71,20879586.00,7.69,9136977.00,10695594.00,1899001.00,2989692.00,2665301.00,3141600.00,1047015.00,2540859.00,,
2007NOV,25722074.00,8.47,23041674.00,8.49,9647797.00,12082569.00,2400102.00,3255550.00,2846149.00,3580768.00,1311308.00,2680400.00,TOTAL SALES IN 2007 £000s,
2007DEC,37390318.00,12.31,34119648.00,12.57,13568405.00,19042418.00,3898824.00,5523289.00,4096334.00,5523971.00,1508825.00,3270670.00,"30,36,21,212","27,13,52,215"
2008JAN,27276286.00,8.49,24136356.00,8.47,11065009.00,11901148.00,1972867.00,3027332.00,3398180.00,3502769.00,1170199.00,3139930.00,,
2008FEB,22589784.00,7.03,19942966.00,7.00,9351762.00,9567517.00,1548252.00,2441297.00,2465444.00,3112524.00,1023687.00,2646818.00,,
2008MAR,28755609.00,8.95,25357244.00,8.90,11763351.00,12390426.00,1984802.00,3204098.00,3223750.00,3977776.00,1203467.00,3398365.00,,
2008APR,23382733.00,7.28,20487131.00,7.19,9464167.00,10020882.00,1575744.00,2611735.00,2575640.00,3257763.00,1002082.00,2895602.00,,
2008MAY,24433252.00,7.61,21576326.00,7.57,9860941.00,10759680.00,1644521.00,3017265.00,2668500.00,3429394.00,955705.00,2856926.00,,
2008JUN,30117203.00,9.38,26356826.00,9.25,12230818.00,12922953.00,2091303.00,3475291.00,3077340.00,4279019.00,1203055.00,3760377.00,,
2008JUL,24266529.00,7.56,21175606.00,7.43,9719660.00,10532658.00,1692316.00,2942195.00,2508208.00,3389939.00,923288.00,3090923.00,,
2008AUG,23632257.00,7.36,20801262.00,7.30,9618341.00,10265693.00,1647670.00,2858241.00,2505263.00,3254519.00,917228.00,2830995.00,,
2008SEP,29485512.00,9.18,25847176.00,9.07,11984152.00,12634910.00,2017753.00,3554730.00,3046700.00,4015727.00,1228114.00,3638336.00,,
2008OCT,24188870.00,7.53,21502172.00,7.54,9802797.00,10595213.00,1791318.00,3007118.00,2543301.00,3253476.00,1104162.00,2686698.00,,
2008NOV,26152010.00,8.14,23667164.00,8.30,10348068.00,11940790.00,2331625.00,3289905.00,2708556.00,3610704.00,1378306.00,2484846.00,TOTAL SALES IN 2008 £000s,
2008DEC,36897847.00,11.49,34221834.00,12.00,13953062.00,18617175.00,3741513.00,5337397.00,3924985.00,5613280.00,1651597.00,2676013.00,"32,11,77,892","28,50,72,063"
2009JAN,21899450.00,6.89,19700636.00,6.91,9393786.00,9333934.00,1532485.00,2526541.00,2490976.00,2783932.00,972916.00,2198814.00,,
2009FEB,21906660.00,6.90,19637054.00,6.88,9840019.00,8846108.00,1456191.00,2378295.00,2200627.00,2810995.00,950927.00,2269606.00,,
2009MAR,28457603.00,8.96,25517897.00,8.95,12479199.00,11778248.00,1966494.00,3250064.00,2841055.00,3720635.00,1260450.00,2939706.00,,
2009APR,23544515.00,7.41,21166756.00,7.42,10241510.00,9924281.00,1620245.00,2802668.00,2418276.00,3083092.00,1000965.00,2377759.00,,
2009MAY,23664678.00,7.45,21197133.00,7.43,10263297.00,9952238.00,1670476.00,2772194.00,2394844.00,3114724.00,981598.00,2467545.00,,
2009JUN,30284173.00,9.53,26956627.00,9.45,13092443.00,12625906.00,2145696.00,3613325.00,2813095.00,4053790.00,1238278.00,3327546.00,,
2009JUL,24258813.00,7.64,21662680.00,7.59,10211458.00,10417798.00,1733593.00,3002368.00,2399484.00,3282353.00,1033424.00,2596133.00,,
2009AUG,23803622.00,7.49,21214467.00,7.44,10138813.00,10032385.00,1693271.00,2767575.00,2414530.00,3157009.00,1043269.00,2589155.00,,
2009SEP,29726932.00,9.36,26413006.00,9.26,12493773.00,12528468.00,2107664.00,3575177.00,3012007.00,3833620.00,1390765.00,3313926.00,,
2009OCT,24887690.00,7.83,22186786.00,7.78,10116509.00,10845397.00,1902350.00,3104173.00,2604379.00,3234495.00,1224880.00,2700904.00,,
2009NOV,26979279.00,8.49,24375987.00,8.54,10660562.00,12187813.00,2417927.00,3289900.00,2750485.00,3729501.00,1527612.00,2603292.00,TOTAL SALES IN 2009 £000s,
2009DEC,38244554.00,12.04,35244284.00,12.35,14701359.00,18781991.00,3759919.00,5397606.00,3955646.00,5668820.00,1760934.00,3000270.00,"31,76,57,969","28,52,73,313"
2010JAN,21909105.00,6.72,19691652.00,6.74,9642202.00,9000385.00,1633579.00,2594403.00,2207207.00,2565196.00,1049065.00,2217453.00,,
2010FEB,22775971.00,6.98,20335561.00,6.96,9905489.00,9316974.00,1626269.00,2537206.00,2247283.00,2906216.00,1113098.00,2440410.00,,
2010MAR,29825904.00,9.14,26610569.00,9.10,12865346.00,12324456.00,2160627.00,3431744.00,2971319.00,3760766.00,1420767.00,3215335.00,,
2010APR,24161435.00,7.41,21439863.00,7.33,10116999.00,10210379.00,1716662.00,2978047.00,2404186.00,3111484.00,1112485.00,2721572.00,,
2010MAY,24703920.00,7.57,21931089.00,7.50,10491371.00,10337876.00,1813845.00,2940404.00,2399104.00,3184523.00,1101842.00,2772831.00,,
2010JUN,30942070.00,9.48,27600092.00,9.44,13266805.00,12990823.00,2363045.00,3747109.00,2837559.00,4043110.00,1342464.00,3341978.00,,
2010JUL,24992039.00,7.66,22250933.00,7.61,10336244.00,10765678.00,1846779.00,3143887.00,2363433.00,3411579.00,1149011.00,2741106.00,,
2010AUG,24362678.00,7.47,21748082.00,7.44,10177968.00,10407231.00,1820998.00,2938048.00,2331955.00,3316230.00,1162883.00,2614596.00,,
2010SEP,30310375.00,9.29,27058110.00,9.26,12637853.00,12937573.00,2267661.00,3831662.00,2878626.00,3959624.00,1482684.00,3252265.00,,
2010OCT,25433654.00,7.80,22725458.00,7.77,10306372.00,11081656.00,1977658.00,3291085.00,2404009.00,3408904.00,1337430.00,2708196.00,,
2010NOV,27809452.00,8.52,25025523.00,8.56,11005634.00,12416723.00,2481245.00,3529878.00,2506484.00,3899116.00,1603166.00,2783929.00,TOTAL SALES IN 2010 £000s,
2010DEC,39015050.00,11.96,35931170.00,12.29,14997950.00,18893195.00,3968928.00,5604705.00,3471157.00,5848405.00,2040025.00,3083880.00,"32,62,41,653","29,23,48,102"
2011JAN,23599506.00,6.88,20853906.00,6.89,9837579.00,9781668.00,1815041.00,2718542.00,2371088.00,2876997.00,1234659.00,2745600.00,,
2011FEB,23874886.00,6.96,20929348.00,6.91,10175165.00,9467923.00,1697875.00,2603661.00,2146681.00,3019706.00,1286260.00,2945538.00,,
2011MAR,30737218.00,8.96,26913517.00,8.89,12992500.00,12338880.00,2212188.00,3455862.00,2756159.00,3914671.00,1582137.00,3823701.00,,
2011APR,26053292.00,7.59,22894983.00,7.56,11082223.00,10575398.00,1824176.00,3166029.00,2382611.00,3202582.00,1237362.00,3158309.00,,
2011MAY,25602170.00,7.46,22390573.00,7.40,10713345.00,10400142.00,1845784.00,3034993.00,2279488.00,3239877.00,1277086.00,3211597.00,,
2011JUN,32132542.00,9.36,28194225.00,9.31,13509780.00,13058170.00,2393493.00,3891276.00,2742966.00,4030435.00,1626275.00,3938317.00,,
2011JUL,26052650.00,7.59,22846358.00,7.55,10841221.00,10712621.00,1916642.00,3246840.00,2281321.00,3267818.00,1292516.00,3206292.00,,
2011AUG,25337497.00,7.38,22235273.00,7.34,10728902.00,10209212.00,1861050.00,2989790.00,2214103.00,3144269.00,1297159.00,3102224.00,,
2011SEP,31944760.00,9.31,28019758.00,9.25,13381835.00,12962919.00,2346079.00,3874262.00,2826301.00,3916277.00,1675004.00,3925002.00,,
2011OCT,26756527.00,7.80,23571687.00,7.79,10871845.00,11208363.00,2031422.00,3334247.00,2429698.00,3412996.00,1491479.00,3184840.00,,
2011NOV,28939655.00,8.43,25640500.00,8.47,11391568.00,12343302.00,2504732.00,3598474.00,2462272.00,3777824.00,1905630.00,3299155.00,TOTAL SALES IN 2011 £000s,
2011DEC,42128154.00,12.28,38280070.00,12.64,16153018.00,19752540.00,4251936.00,6161988.00,3419685.00,5918931.00,2374512.00,3848084.00,"34,31,58,857","30,27,70,198"
2012JAN,24285975.00,6.92,21295833.00,6.85,10178879.00,9770473.00,1807181.00,2788258.00,2313850.00,2861184.00,1346481.00,2990142.00,,
2012FEB,24599522.00,7.01,21465267.00,6.91,10670514.00,9407651.00,1733707.00,2639216.00,2113887.00,2920841.00,1387102.00,3134255.00,,
2012MAR,32619426.00,9.29,28301864.00,9.11,13583107.00,12931618.00,2406071.00,3675921.00,2818008.00,4031618.00,1787139.00,4317562.00,,
2012APR,25881567.00,7.37,22816326.00,7.34,11045674.00,10378133.00,1961763.00,2990368.00,2343343.00,3082659.00,1392519.00,3065241.00,,
2012MAY,26323317.00,7.50,23144538.00,7.45,11155514.00,10556968.00,2025753.00,3052213.00,2314998.00,3164004.00,1432056.00,3178779.00,,
2012JUN,32915730.00,9.38,29225200.00,9.40,13995751.00,13499840.00,2598731.00,3958005.00,2798158.00,4144946.00,1729609.00,3690530.00,,
2012JUL,26601213.00,7.58,23510030.00,7.57,11139787.00,10916655.00,2052971.00,3266325.00,2273719.00,3323640.00,1453588.00,3091183.00,,
2012AUG,25983249.00,7.40,22911102.00,7.37,11052203.00,10534659.00,1969830.00,3102290.00,2174939.00,3287600.00,1324240.00,3072147.00,,
2012SEP,32900724.00,9.37,28894115.00,9.30,13748169.00,13346564.00,2510264.00,4072578.00,2761169.00,4002553.00,1799382.00,4006609.00,,
2012OCT,27100496.00,7.72,24002151.00,7.72,11051547.00,11322036.00,2152671.00,3432380.00,2327106.00,3409879.00,1628568.00,3098345.00,,
2012NOV,29256391.00,8.33,26221274.00,8.44,11639105.00,12569301.00,2674690.00,3576873.00,2477460.00,3840278.00,2012868.00,3035117.00,TOTAL SALES IN 2012 £000s,
2012DEC,42581157.00,12.13,38969367.00,12.54,16400197.00,19819615.00,4437260.00,6174724.00,3327275.00,5880356.00,2749555.00,3611790.00,"35,10,48,767","31,07,57,067"
2013JAN,24311700.00,6.75,21622005.00,6.73,10447050.00,9650809.00,1921461.00,2814661.00,2217824.00,2696863.00,1524146.00,2689695.00,,
2013FEB,25284298.00,7.02,22260536.00,6.93,10870623.00,9763176.00,1872251.00,2725579.00,2137213.00,3028133.00,1626737.00,3023762.00,,
2013MAR,32803576.00,9.11,28881731.00,9.00,14254594.00,12536312.00,2422984.00,3605324.00,2603147.00,3904857.00,2090825.00,3921845.00,,
2013APR,25932457.00,7.20,22881601.00,7.13,10908804.00,10374008.00,1953125.00,2977265.00,2196363.00,3247255.00,1598789.00,3050856.00,,
2013MAY,27024948.00,7.50,23941512.00,7.46,11512621.00,10779991.00,2037699.00,3151368.00,2298103.00,3292821.00,1648900.00,3083436.00,,
2013JUN,34131335.00,9.48,30322065.00,9.44,14417699.00,13793686.00,2730818.00,4112212.00,2697830.00,4252826.00,2110680.00,3809270.00,,
2013JUL,27746617.00,7.71,24553644.00,7.65,11807849.00,11053940.00,2097251.00,3331320.00,2215731.00,3409638.00,1691855.00,3192973.00,,
2013AUG,26744400.00,7.43,23644763.00,7.36,11359971.00,10593666.00,2063328.00,3187392.00,2081117.00,3261829.00,1691126.00,3099637.00,,
2013SEP,33905309.00,9.42,30056384.00,9.36,14106020.00,13856288.00,2601406.00,4227447.00,2721821.00,4305614.00,2094076.00,3848925.00,,
2013OCT,27741298.00,7.70,24836554.00,7.74,11407598.00,11565701.00,2287464.00,3444656.00,2284077.00,3549504.00,1863255.00,2904744.00,,
2013NOV,30138229.00,8.37,27226954.00,8.48,11987002.00,12909658.00,2800183.00,3795872.00,2338646.00,3974957.00,2330294.00,2911275.00,TOTAL SALES IN 22013 £000s,
2013DEC,44343012.00,12.31,40826985.00,12.72,16933811.00,20754542.00,4804709.00,6385048.00,3307907.00,6256878.00,3138632.00,3516027.00,"36,01,07,179","32,10,54,734"
2014JAN,31677155.00,8.38,28400526.00,8.36,13504985.00,12846517.00,2570099.00,3573493.00,2938427.00,3764498.00,2049024.00,3276629.00,,
2014FEB,26008794.00,6.88,23157544.00,6.82,11206332.00,10042572.00,1956536.00,2683212.00,2169082.00,3233742.00,1908640.00,2851250.00,,
2014MAR,33750105.00,8.93,29849559.00,8.79,14077284.00,13457048.00,2571542.00,3809843.00,2735491.00,4340172.00,2315227.00,3900546.00,,
2014APR,27868043.00,7.37,24953592.00,7.35,11873480.00,11198642.00,2179945.00,3246440.00,2350905.00,3421352.00,1881470.00,2914451.00,,
2014MAY,27878571.00,7.37,24931011.00,7.34,11652982.00,11347126.00,2197911.00,3323915.00,2288780.00,3536520.00,1930903.00,2947560.00,,
2014JUN,35380601.00,9.36,31584964.00,9.30,14665753.00,14521299.00,2819104.00,4327190.00,2832732.00,4542273.00,2397912.00,3795637.00,,
2014JUL,28325398.00,7.49,25273056.00,7.44,11650906.00,11783909.00,2228418.00,3499089.00,2297273.00,3759129.00,1838241.00,3052342.00,,
2014AUG,27493571.00,7.27,24567073.00,7.23,11346210.00,11484800.00,2222499.00,3490028.00,2312631.00,3459642.00,1736063.00,2926498.00,,
2014SEP,34223187.00,9.05,30609246.00,9.01,14133457.00,14134033.00,2753971.00,4138277.00,2859019.00,4382766.00,2341756.00,3613941.00,,
2014OCT,28743226.00,7.60,25899356.00,7.62,11569186.00,12266545.00,2401537.00,3531814.00,2527918.00,3805276.00,2063625.00,2843870.00,,
2014NOV,31757132.00,8.40,28907376.00,8.51,12209861.00,14005915.00,3122360.00,3995931.00,2613293.00,4274331.00,2691600.00,2849756.00,TOTAL SALES IN 2014 £000s,
2014DEC,44947405.00,11.89,41590988.00,12.24,16669037.00,21494771.00,4752145.00,6582121.00,3385666.00,6774839.00,3427180.00,3356417.00,"37,80,53,188","33,97,24,291"
2015JAN,26016412.00,6.94,23446045.00,6.91,10871136.00,10604318.00,2149301.00,2964842.00,2420409.00,3069766.00,1970591.00,2570367.00,,
2015FEB,26231392.00,7.00,23676821.00,6.98,11138333.00,10570143.00,2083867.00,2885341.00,2300392.00,3300543.00,1968345.00,2554571.00,,
2015MAR,34435221.00,9.19,31096343.00,9.16,14616887.00,13926949.00,2706190.00,3954623.00,2993777.00,4272359.00,2552507.00,3338878.00,,
2015APR,27639584.00,7.37,24894511.00,7.33,11221105.00,11624268.00,2190226.00,3400809.00,2474636.00,3558597.00,2049138.00,2745073.00,,
2015MAY,28269365.00,7.54,25478209.00,7.51,11747424.00,11754162.00,2253428.00,3448048.00,2455322.00,3597364.00,1976623.00,2791156.00,,
2015JUN,35700227.00,9.52,32113470.00,9.46,14653516.00,14826938.00,2898643.00,4572127.00,2944839.00,4411329.00,2633016.00,3586757.00,,
2015JUL,28586331.00,7.63,25769645.00,7.59,11569959.00,12098158.00,2354417.00,3600432.00,2516440.00,3626869.00,2101528.00,2816686.00,,
2015AUG,27464505.00,7.33,24755923.00,7.29,11226489.00,11634343.00,2273280.00,3563625.00,2349645.00,3447793.00,1895091.00,2708582.00,,
2015SEP,35052036.00,9.35,31616004.00,9.31,14370124.00,14640996.00,2868966.00,4396420.00,3079512.00,4296098.00,2604884.00,3436032.00,,
2015OCT,28900736.00,7.71,26154754.00,7.71,11454101.00,12418702.00,2468353.00,3589169.00,2607996.00,3753184.00,2281951.00,2745982.00,,
2015NOV,32137024.00,8.57,29327470.00,8.64,12098557.00,14218977.00,3254100.00,4076194.00,2783295.00,4105388.00,3009936.00,2809554.00,TOTAL SALES IN 2015 £000s,
2015DEC,44384632.00,11.84,41116327.00,12.11,16774845.00,20916007.00,4959053.00,6274645.00,3433483.00,6248826.00,3425475.00,3268305.00,"37,48,17,465","33,94,45,522"
2016JAN,26591974.00,6.86,24014575.00,6.84,10939594.00,10939273.00,2322511.00,2944328.00,2545320.00,3127114.00,2135708.00,2577399.00,,
2016FEB,26615183.00,6.86,24069291.00,6.86,11312160.00,10660588.00,2173900.00,2761467.00,2437170.00,3288051.00,2096543.00,2545892.00,,
2016MAR,34461394.00,8.89,31155055.00,8.88,14568348.00,13925197.00,2809370.00,3758698.00,2992414.00,4364715.00,2661510.00,3306339.00,,
2016APR,28139122.00,7.26,25347679.00,7.22,11488100.00,11595593.00,2310919.00,3122132.00,2396415.00,3766127.00,2263986.00,2791443.00,,
2016MAY,29092147.00,7.50,26194317.00,7.47,11898542.00,11967674.00,2425825.00,3322793.00,2495793.00,3723263.00,2328101.00,2897830.00,,
2016JUN,35949870.00,9.27,32398255.00,9.23,14722874.00,14803427.00,2965186.00,4261910.00,2920123.00,4656208.00,2871954.00,3551615.00,,
2016JUL,29636640.00,7.64,26663283.00,7.60,11823049.00,12556780.00,2457894.00,3669197.00,2506752.00,3922937.00,2283454.00,2973357.00,,
2016AUG,28661695.00,7.39,25769112.00,7.34,11657481.00,11862438.00,2422883.00,3448205.00,2322343.00,3669007.00,2249193.00,2892583.00,,
2016SEP,36121158.00,9.32,32484251.00,9.26,14520754.00,14838281.00,3059173.00,4222776.00,3004405.00,4551927.00,3125216.00,3636907.00,,
2016OCT,30795547.00,7.94,27772511.00,7.92,11862913.00,13064414.00,2570070.00,3707571.00,2683835.00,4102938.00,2845184.00,3023036.00,,
2016NOV,34094136.00,8.79,31034941.00,8.85,12339753.00,14838650.00,3354167.00,4103502.00,2930367.00,4450614.00,3856538.00,3059195.00,TOTAL SALES IN 2016 £000s,
2016DEC,47537222.00,12.26,43943674.00,12.53,17311941.00,22147133.00,5308098.00,6405913.00,3438582.00,6994540.00,4484600.00,3593548.00,"38,76,96,088","35,08,46,944"
2017JAN,27254314.00,6.72,24445276.00,6.68,10938532.00,10977635.00,2294986.00,3003787.00,2461216.00,3217646.00,2529109.00,2809038.00,,
2017FEB,28066749.00,6.92,25055438.00,6.84,11527048.00,10977658.00,2166535.00,2894345.00,2410641.00,3506137.00,2550732.00,3011311.00,,
2017MAR,35988402.00,8.87,32249881.00,8.81,14720565.00,14233755.00,2863111.00,4041072.00,2976514.00,4353058.00,3295561.00,3738521.00,,
2017APR,30437596.00,7.50,27405880.00,7.49,12226775.00,12452408.00,2390485.00,3460649.00,2703612.00,3897662.00,2726697.00,3031716.00,,
2017MAY,30302021.00,7.47,27101832.00,7.40,12209324.00,12217171.00,2389390.00,3555579.00,2430284.00,3841918.00,2675337.00,3200189.00,,
2017JUN,37872345.00,9.33,34096711.00,9.31,14991434.00,15649215.00,3142236.00,4663234.00,2997997.00,4845748.00,3456062.00,3775634.00,,
2017JUL,30735992.00,7.57,27729684.00,7.57,12130544.00,12902994.00,2525275.00,3836883.00,2544737.00,3996099.00,2696146.00,3006308.00,,
2017AUG,30192736.00,7.44,27184551.00,7.43,11857648.00,12624371.00,2504665.00,3729393.00,2380100.00,4010213.00,2702532.00,3008185.00,,
2017SEP,37817953.00,9.32,33979255.00,9.28,14745769.00,15421288.00,3090692.00,4649212.00,3147791.00,4533593.00,3812198.00,3838698.00,,
2017OCT,31757132.00,7.83,28607181.00,7.81,12123768.00,13242731.00,2592120.00,3754274.00,2759922.00,4136415.00,3240682.00,3149951.00,,
2017NOV,35630770.00,8.78,32384647.00,8.85,12623270.00,15385958.00,3369151.00,4335023.00,2990432.00,4691352.00,4375419.00,3246123.00,TOTAL SALES IN 2017 £000s,
2017DEC,49724917.00,12.25,45845891.00,12.52,18018140.00,22849467.00,5490902.00,6687195.00,3407576.00,7263794.00,4978284.00,3879026.00,"40,57,80,927","36,60,86,227"
2018JAN,28420225.00,6.71,25464552.00,6.69,11195220.00,11500184.00,2413128.00,3097351.00,2558024.00,3431681.00,2769148.00,2955673.00,,
2018FEB,29254182.00,6.90,26069594.00,6.85,11854356.00,11321103.00,2240966.00,2943875.00,2526999.00,3609263.00,2894135.00,3184588.00,,
2018MAR,37751615.00,8.91,33988333.00,8.93,15546598.00,14762513.00,2984937.00,4011252.00,3159252.00,4607072.00,3679222.00,3763282.00,,
2018APR,30640297.00,7.23,27441465.00,7.21,11990376.00,12465946.00,2356329.00,3408057.00,2695075.00,4006485.00,2985143.00,3198832.00,,
2018MAY,32261285.00,7.61,28829564.00,7.57,12806028.00,12864828.00,2516826.00,3657185.00,2662174.00,4028643.00,3158708.00,3431721.00,,
2018JUN,39910499.00,9.42,35627879.00,9.36,15804616.00,15956612.00,3235121.00,4680580.00,3187858.00,4853053.00,3866651.00,4282620.00,,
2018JUL,32641231.00,7.70,29218743.00,7.67,12823391.00,13218624.00,2571551.00,3910317.00,2597708.00,4139048.00,3176728.00,3422488.00,,
2018AUG,31893884.00,7.53,28513168.00,7.49,12409434.00,13008062.00,2542359.00,3690844.00,2645225.00,4129634.00,3095672.00,3380716.00,,
2018SEP,39636714.00,9.35,35379548.00,9.29,15204991.00,16107360.00,3138037.00,4610811.00,3450916.00,4907596.00,4067197.00,4257166.00,,
2018OCT,32961070.00,7.78,29517486.00,7.75,12423307.00,13545303.00,2642997.00,3761279.00,2905512.00,4235515.00,3548876.00,3443584.00,,
2018NOV,37279376.00,8.80,33698264.00,8.85,12923569.00,15948979.00,3383015.00,4393317.00,3239793.00,4932854.00,4825716.00,3581112.00,TOTAL SALES IN 2018 £000s,
2018DEC,51058985.00,12.05,46953766.00,12.33,18307488.00,23179084.00,5484288.00,6870446.00,3607366.00,7216984.00,5467194.00,4105219.00,"42,37,09,363","38,07,02,362"
2019JAN,29565980.00,6.73,26443332.00,6.72,11668532.00,11627170.00,2402247.00,3204145.00,2539838.00,3480940.00,3147630.00,3122648.00,,
2019FEB,30606700.00,6.96,27198464.00,6.91,12200804.00,11671582.00,2241761.00,3033641.00,2504487.00,3891693.00,3326078.00,3408236.00,,
2019MAR,39884476.00,9.07,35525187.00,9.02,15705473.00,15354920.00,2910336.00,4223821.00,3112958.00,5107805.00,4464794.00,4359289.00,,
2019APR,32913598.00,7.49,29359418.00,7.46,12923877.00,12893314.00,2412651.00,3707722.00,2588820.00,4184121.00,3542227.00,3554180.00,,
2019MAY,33077727.00,7.52,29400306.00,7.47,12951328.00,12891287.00,2447461.00,3644174.00,2562615.00,4237037.00,3557691.00,3677421.00,,
2019JUN,41640972.00,9.47,37072581.00,9.42,16089593.00,16558690.00,3144131.00,4840177.00,3197997.00,5376385.00,4424298.00,4568391.00,,
2019JUL,34103557.00,7.76,30432892.00,7.73,13064614.00,13478324.00,2555572.00,3989014.00,2513414.00,4420324.00,3889954.00,3670665.00,,
2019AUG,32962728.00,7.50,29346387.00,7.45,12744134.00,13040967.00,2481189.00,3803341.00,2512447.00,4243990.00,3561286.00,3616341.00,,
2019SEP,40903668.00,9.30,36504277.00,9.27,15740473.00,16151001.00,3044340.00,4724183.00,3337370.00,5045108.00,4612803.00,4399391.00,,
2019OCT,34031166.00,7.74,30430341.00,7.73,12813447.00,13630187.00,2647999.00,3853683.00,2764991.00,4363514.00,3986707.00,3600825.00,,
2019NOV,37144933.00,8.45,33556548.00,8.52,13186632.00,15407495.00,3291745.00,4347121.00,2954435.00,4814194.00,4962421.00,3588385.00,TOTAL SALES IN 2019 £000s,
2019DEC,52764979.00,12.00,48469087.00,12.31,18641477.00,23351817.00,5341772.00,6716508.00,3687351.00,7606186.00,6475793.00,4295892.00,"43,96,00,484","39,37,38,820"
2020JAN,38262410.00,8.76,34289930.00,8.51,15082020.00,14743479.00,2946256.00,4094819.00,3138941.00,4563463.00,4464431.00,3972480.00,,
2020FEB,31158176.00,7.13,27779994.00,6.89,12593746.00,11648774.00,2187409.00,3059723.00,2472711.00,3928931.00,3537474.00,3378182.00,,
2020MAR,37889805.00,8.68,34525600.00,8.57,17568170.00,12211117.00,2925163.00,2687829.00,2791521.00,3806604.00,4746313.00,3364205.00,,
2020APR,25109250.00,5.75,23881514.00,5.93,13612054.00,5903037.00,1807685.00,1133350.00,1249845.00,1712157.00,4366423.00,1227736.00,,
2020MAY,28585352.00,6.55,26844512.00,6.66,14010882.00,7597570.00,2114007.00,1404438.00,1823741.00,2255384.00,5236060.00,1740840.00,,
2020JUN,40335872.00,9.24,37684564.00,9.35,17267845.00,13658674.00,2914209.00,3122587.00,3168761.00,4453117.00,6758045.00,2651308.00,,
2020JUL,34031946.00,7.79,31303991.00,7.77,13361670.00,12767592.00,2393842.00,3038863.00,2821300.00,4513587.00,5174729.00,2727955.00,,
2020AUG,33438699.00,7.66,30591664.00,7.59,13236593.00,12612391.00,2362248.00,3212136.00,2850560.00,4187447.00,4742680.00,2847035.00,,
2020SEP,42097408.00,9.64,38567168.00,9.57,16405467.00,16126723.00,3029790.00,4064527.00,3691621.00,5340785.00,6034978.00,3530240.00,,
2020OCT,35935593.00,8.23,33047191.00,8.20,13314368.00,14038648.00,2680979.00,3347989.00,3271524.00,4738156.00,5694175.00,2888402.00,,
2020NOV,38469206.00,8.81,36016142.00,8.94,14160236.00,14460917.00,3389595.00,2950876.00,3450672.00,4669774.00,7394989.00,2453064.00,TOTAL SALES IN 2020 £000s,
2020DEC,51427795.00,11.78,48386188.00,12.01,18756647.00,21681989.00,4788201.00,5515776.00,3869924.00,7508088.00,7947552.00,3041607.00,,"40,29,18,458"
2021JAN,28934471.00,6.23,26812452.00,6.36,12772962.00,8691798.00,1959190.00,1699961.00,2249914.00,2782733.00,5347692.00,2122019.00,,
2021FEB,29969606.00,6.46,27574679.00,6.54,13438381.00,8989616.00,2118594.00,1500556.00,2535434.00,2835032.00,5146682.00,2394927.00,,
2021MAR,41114928.00,8.86,37642111.00,8.93,17951519.00,13024458.00,2979428.00,2381081.00,3399284.00,4264665.00,6666134.00,3472817.00,,
2021APR,35398436.00,7.63,32226227.00,7.65,13577448.00,13376515.00,2444790.00,3369251.00,3180294.00,4382180.00,5272264.00,3172209.00,,
2021MAY,35903061.00,7.74,32562681.00,7.73,13482052.00,14043430.00,2444758.00,3451625.00,3278209.00,4868838.00,5037199.00,3340380.00,,
2021JUN,45273593.00,9.75,40935584.00,9.72,17391620.00,17400017.00,3051502.00,4435364.00,3804944.00,6108207.00,6143947.00,4338009.00,,
2021JUL,35801930.00,7.71,32180712.00,7.64,13666487.00,13723947.00,2431581.00,3540392.00,2993278.00,4758696.00,4790278.00,3621218.00,,
2021AUG,34916860.00,7.52,31222871.00,7.41,13300735.00,13456301.00,2352734.00,3537992.00,2926265.00,4639310.00,4465835.00,3693989.00,,
2021SEP,43423460.00,9.36,38740094.00,9.19,16331969.00,16605297.00,3056103.00,4485818.00,3490274.00,5573102.00,5802828.00,4683366.00,,
2021OCT,36919217.00,7.95,33348535.00,7.92,13496393.00,14759102.00,2673873.00,3871683.00,3069960.00,5143586.00,5093040.00,3570682.00,,
2021NOV,41771947.00,9.00,37841782.00,8.98,14088086.00,17005610.00,3322095.00,4524405.00,3359460.00,5799650.00,6748086.00,3930165.00,TOTAL SALES IN 2021 £000s,
2021DEC,54736043.00,11.79,50233291.00,11.92,19633530.00,22572128.00,4715573.00,6277314.00,3711074.00,7868167.00,8027633.00,4502752.00,"46,41,63,552","42,13,21,019"
2022JAN,33598304.00,6.79,30147821.00,6.85,12604439.00,12296974.00,2248724.00,2966358.00,2819671.00,4262221.00,5246408.00,3450483.00,,
2022FEB,34351300.00,6.94,30521049.00,6.93,13176739.00,12446837.00,2235801.00,3109130.00,2779810.00,4322096.00,4897473.00,3830251.00,,
2022MAR,44968661.00,9.08,39789373.00,9.04,16940152.00,16956888.00,3033285.00,4279830.00,3636699.00,6007074.00,5892333.00,5179288.00,,
2022APR,37168625.00,7.51,32904572.00,7.47,14007478.00,13952898.00,2480532.00,3755422.00,2983702.00,4733242.00,4944196.00,4264053.00,,
2022MAY,37427898.00,7.56,33016438.00,7.50,13879432.00,14287805.00,2465163.00,4005093.00,2938610.00,4878939.00,4849201.00,4411460.00,,
2022JUN,47118426.00,9.52,41303828.00,9.38,17891033.00,17696976.00,3136716.00,5007984.00,3417380.00,6134896.00,5715819.00,5814598.00,,
2022JUL,38584773.00,7.79,33847718.00,7.69,14647120.00,14444166.00,2605867.00,4115042.00,2748705.00,4974552.00,4756432.00,4737055.00,,
2022AUG,36695104.00,7.41,32278691.00,7.33,14278454.00,13646123.00,2420304.00,3796626.00,2765837.00,4663356.00,4354114.00,4416413.00,,
2022SEP,45257176.00,9.14,40077387.00,9.10,17392604.00,17162765.00,3096961.00,4947487.00,3478288.00,5640029.00,5522018.00,5179789.00,,
2022OCT,39028513.00,7.88,34664779.00,7.87,14405717.00,15255543.00,2698274.00,4337825.00,2946343.00,5273101.00,5003519.00,4363734.00,,
2022NOV,43273692.00,8.74,38998514.00,8.86,15153017.00,17597633.00,3458669.00,5001278.00,3453190.00,5684496.00,6247864.00,4275178.00,TOTAL SALES IN 2022 £000s,
2022DEC,57636879.00,11.64,52826732.00,12.00,21203683.00,24329973.00,5231333.00,7529332.00,3672143.00,7897165.00,7293076.00,4810147.00,"49,51,09,351","44,03,76,902"
2023JAN,34863946.00,,31167408.00,,13651495.00,12730552.00,2380372.00,3571942.00,2786027.00,3992211.00,4785361.00,3696538.00,,
2023FEB,36208797.00,,32434936.00,,14609607.00,13077531.00,2397923.00,3536943.00,2692045.00,4450620.00,4747798.00,3773861.00,,
2023MAR,46635397.00,,41969286.00,,18781120.00,17043241.00,3157246.00,4707433.00,3486477.00,5692085.00,6144925.00,4666111.00,,
2023APR,38659656.00,,34916626.00,,15410165.00,14567943.00,2668297.00,4099772.00,2948340.00,4851534.00,4938518.00,3743030.00,,
2023MAY,39313866.00,,35655107.00,,15653322.00,14937569.00,2714763.00,4302252.00,2948170.00,4972384.00,5064216.00,3658759.00,,